Service,Type,Text,Chars
Location Services,Headline,Know Where Your Family Is,25
Location Services,Headline,Real-Time Family Tracking,25
Location Services,Headline,Family Location App — Free,26
Location Services,Headline,See Your Family's Location,26
Location Services,Headline,Arrival Alerts for Loved Ones,29
Location Services,Headline,Track Family in Real Time,25
Location Services,Headline,Family Safety App — Try Free,28
Location Services,Headline,Live Location for Your Family,29
Location Services,Headline,Family Peace of Mind — 24/7,27
Location Services,Headline,Download Bond Free Today,24
Location Services,Headline,AI-Powered Family Safety,25
Location Services,Headline,Instant Arrival Alerts,22
Location Services,Headline,Unlimited Family Location,25
Location Services,Headline,Get Alerts When They Arrive,27
Location Services,Headline,AI-Powered Family Safety App,28
Location Services,Description,Real-time family location & arrival alerts. Free forever. Download Bond.,71
Location Services,Description,See where your family is at all times. Get arrival & departure alerts. Free on Bond.,84
Location Services,Description,Track your family in real time. Bond alerts when loved ones arrive or leave. Try free.,85
Location Services,Description,Family location tracking & arrival alerts at zero cost. Bond's free plan. Download today.,89
Track Me On The Go,Headline,Walk Home Safer Tonight,23
Track Me On The Go,Headline,Bond Monitors Your Walk Home,28
Track Me On The Go,Headline,Never Walk Alone Again,22
Track Me On The Go,Headline,Live Agent Walks With You,25
Track Me On The Go,Headline,Safe Walk Home App,18
Track Me On The Go,Headline,Personal Safety App — Try Free,30
Track Me On The Go,Headline,A Guardian in Your Pocket,25
Track Me On The Go,Headline,Get Home Safe — Tap Bond,24
Track Me On The Go,Headline,Late Night? Bond Has You.,25
Track Me On The Go,Headline,We Watch Your Route 24/7,24
Track Me On The Go,Headline,Track Me On The Go App,22
Track Me On The Go,Headline,Safety App for Walking Alone,28
Track Me On The Go,Headline,AI-Powered Walk Safety App,26
Track Me On The Go,Headline,Rated 4.8 Stars — Download Now,30
Track Me On The Go,Headline,Try Bond Free — 3 Days,22
Track Me On The Go,Description,Walking home alone? Bond monitors your route and agents respond if needed. Try free.,84
Track Me On The Go,Description,Bond's Track Me feature watches your walk. If you deviate or don't arrive we check in.,85
Track Me On The Go,Description,A live Bond agent stays with you until you're safely home. Tap once — try free 3 days.,86
Track Me On The Go,Description,AI + live agents monitor every step. If something's wrong we respond before you need 911.,88
Ready An Agent,Headline,Panic Button That Actually Works,30
Ready An Agent,Headline,Silent Safety Standby Mode,25
Ready An Agent,Headline,Discreet Emergency Safety App,28
Ready An Agent,Headline,Press & Hold — Agent on Call,27
Ready An Agent,Headline,Feel Unsafe? Don't Text. Tap.,28
Ready An Agent,Headline,Personal Security Standby,24
Ready An Agent,Headline,Silent Panic Button App,22
Ready An Agent,Headline,Agent on Standby in Seconds,26
Ready An Agent,Headline,Discreet Help — No Words Needed,30
Ready An Agent,Headline,Safety App with Panic Button,27
Ready An Agent,Headline,SOS App — Human Response,24
Ready An Agent,Headline,Get Help Without Speaking,24
Ready An Agent,Headline,Emergency Alert App — Try Free,29
Ready An Agent,Headline,Rated 4.8 Stars — Download Bond,30
Ready An Agent,Headline,Try Bond Free — 3 Days,22
Ready An Agent,Description,When you feel unsafe but can't speak — Ready An Agent silently puts help on standby.,84
Ready An Agent,Description,Bond's Ready An Agent puts a live security expert on alert — no words no attention drawn.,87
Ready An Agent,Description,Press and hold to alert a live agent without a word. Bond acts if you don't respond.,84
Ready An Agent,Description,Hold the button to put a live agent on standby — silently. Release to connect instantly.,87
Video Monitor Me,Headline,Live Agent Watches Over You,26
Video Monitor Me,Headline,Virtual Security Escort App,26
Video Monitor Me,Headline,Video Monitor: Real Agents,25
Video Monitor Me,Headline,Real Person Watching You Live,28
Video Monitor Me,Headline,Tap Once — Agent Appears,23
Video Monitor Me,Headline,Live Security Video Monitoring,29
Video Monitor Me,Headline,Safer in Seconds — Tap Bond,26
Video Monitor Me,Headline,Not AI. A Real Human Agent.,26
Video Monitor Me,Headline,Virtual Bodyguard App,21
Video Monitor Me,Headline,24/7 Live Agent on Your Screen,29
Video Monitor Me,Headline,Someone's With You — 24/7,24
Video Monitor Me,Headline,Security Agents on Live Video,27
Video Monitor Me,Headline,Real Agent. Real Time. Free Trial.,30
Video Monitor Me,Headline,Rated 4.8 Stars — Download Bond,30
Video Monitor Me,Headline,Try Bond Free — 3 Days,22
Video Monitor Me,Description,Live video security in your pocket. A Bond agent monitors your surroundings in real time.,88
Video Monitor Me,Description,Video Monitor Me: a live agent on your screen 24/7. Not a bot — a real security pro.,84
Video Monitor Me,Description,Not AI — a real agent monitors you via live video and responds if needed. Try free.,83
Video Monitor Me,Description,Tap Video Monitor Me — a live Bond Security Agent appears on screen and stays until safe.,88
Send Me A Car,Headline,Get a Safe Car in Seconds,25
Send Me A Car,Headline,Safe Ride — No App Needed,24
Send Me A Car,Headline,Emergency Ride Home App,23
Send Me A Car,Headline,Bond Sends a Car to You,22
Send Me A Car,Headline,Unsafe? We Send a Car.,21
Send Me A Car,Headline,No Rideshare Account Needed,26
Send Me A Car,Headline,Safe Ride — Agent Included,25
Send Me A Car,Headline,Escape Fast — Tap Bond,22
Send Me A Car,Headline,Security Car Dispatch App,24
Send Me A Car,Headline,Agent + Car — One Tap.,21
Send Me A Car,Headline,Leave Fast. Stay Safe.,21
Send Me A Car,Headline,Personal Security Car Service,28
Send Me A Car,Headline,Rated 4.8 Stars — Download Bond,30
Send Me A Car,Headline,Try Bond Free — 3 Days,22
Send Me A Car,Headline,Tap. Agent. Car. You're Safe.,28
Send Me A Car,Description,Tap once. A Bond agent joins by video finds a safe place and sends a car to you.,80
Send Me A Car,Description,Bond dispatches a car when you feel unsafe — no fumbling with apps no account required.,86
Send Me A Car,Description,No Uber account needed. Bond sends a car when you need to leave fast. 24/7 live agents.,87
Send Me A Car,Description,Feel unsafe? An agent joins via video and dispatches a car in minutes. No app account.,85
Siren,Headline,Turn Your Phone Into a Siren,27
Siren,Headline,Personal Alarm + Live Agents,27
Siren,Headline,Safety Siren App — Try Free,26
Siren,Headline,Loud Alarm. Instant Backup.,26
Siren,Headline,Personal Attack Alarm App,24
Siren,Headline,Deter Threats Instantly,22
Siren,Headline,Hold 3 Seconds — Siren On,25
Siren,Headline,Alarm + Agent in One App,23
Siren,Headline,Self-Defense Alarm App,21
Siren,Headline,Siren Alert + 24/7 Support,25
Siren,Headline,Lights. Sound. Agent Ready.,26
Siren,Headline,Emergency Phone Alarm App,24
Siren,Headline,More Than an Alarm — Bond,24
Siren,Headline,Rated 4.8 Stars — Download Bond,30
Siren,Headline,Try Bond Free — 3 Days,22
Siren,Description,Hold 3 seconds to activate Siren — flashing lights and loud sound deter threats instantly.,90
Siren,Description,Bond's Siren turns your phone into a personal alarm. Premium members get a live agent too.,90
Siren,Description,Activate Siren to alert bystanders and deter threats. Bond agents respond if it escalates.,90
Siren,Description,A loud alarm flashing lights and a live agent on standby — all in one tap. Try free.,84
